severity,kpi,location_id,entity,actual,baseline,expected_low,expected_high,variance,variance_pct,robust_z,estimated_profit_exposure,period_start,timestamp,evidence,method,investigation
CRITICAL,operating_profit,25,Norwood,-795.4000000000003,-21.78500000000031,-714.7707725000018,671.2007725000012,-773.615,-2.790876200853021,-2.790876200853021,773.615,2025-12-22,2025-12-28,8 complete prior weeks; adverse deviation and robust z exceed thresholds,Median/MAD with 3% baseline scale floor; one-sided; unadjusted for holidays,"Compare period profit bridge, channel/product mix, payroll and stock availability"
WARNING,labour_pct,25,Norwood,0.6874917853231106,0.514112613950809,0.4064226701244175,0.6218025577772004,0.17337917137230163,0.33723967603115607,4.024961969796566,712.3283255831012,2025-12-22,2025-12-28,8 complete prior weeks; adverse deviation and robust z exceed thresholds,Median/MAD with 3% baseline scale floor; one-sided; unadjusted for holidays,"Compare period profit bridge, channel/product mix, payroll and stock availability"
WARNING,gross_profit,2,Newcastle,1819.1599999999999,2415.84,1850.7655425000005,2980.9144575,-596.6800000000003,-0.24698655540102005,-2.6398291060607737,596.6800000000003,2025-12-22,2025-12-28,8 complete prior weeks; adverse deviation and robust z exceed thresholds,Median/MAD with 3% baseline scale floor; one-sided; unadjusted for holidays,"Compare period profit bridge, channel/product mix, payroll and stock availability"
WARNING,labour_pct,33,Woden,0.5561934942678721,0.44754678026380684,0.3620754053804174,0.5330181551471963,0.10864671400406528,0.24276057564311687,3.1778684428644817,582.8352972748082,2025-12-22,2025-12-28,8 complete prior weeks; adverse deviation and robust z exceed thresholds,Median/MAD with 3% baseline scale floor; one-sided; unadjusted for holidays,"Compare period profit bridge, channel/product mix, payroll and stock availability"
WARNING,operating_profit,9,Ballarat,-754.5899999999997,-185.06,-637.9387025000003,267.8187025000003,-569.5299999999997,-3.077542418675023,-3.1439433829414805,569.5299999999997,2025-12-22,2025-12-28,8 complete prior weeks; adverse deviation and robust z exceed thresholds,Median/MAD with 3% baseline scale floor; one-sided; unadjusted for holidays,"Compare period profit bridge, channel/product mix, payroll and stock availability"
WARNING,revenue,2,Newcastle,2770.0,3601.25,2770.067375,4432.432625,-831.25,-0.23082263103089204,-2.5002026480041013,558.3521228813219,2025-12-22,2025-12-28,8 complete prior weeks; adverse deviation and robust z exceed thresholds,Median/MAD with 3% baseline scale floor; one-sided; unadjusted for holidays,"Compare period profit bridge, channel/product mix, payroll and stock availability"
WARNING,operating_profit,33,Woden,-360.0299999999995,187.19999999999987,-180.3365400000008,554.7365400000006,-547.2299999999993,-2.923237179487178,-3.722282959947318,547.2299999999993,2025-12-22,2025-12-28,8 complete prior weeks; adverse deviation and robust z exceed thresholds,Median/MAD with 3% baseline scale floor; one-sided; unadjusted for holidays,"Compare period profit bridge, channel/product mix, payroll and stock availability"
WARNING,labour_pct,29,Whyalla,0.6093354430379746,0.5000922276746077,0.40536371489423045,0.594820740454985,0.1092432153633669,0.21844613716821767,2.8830605526511635,483.29198476753515,2025-12-22,2025-12-28,8 complete prior weeks; adverse deviation and robust z exceed thresholds,Median/MAD with 3% baseline scale floor; one-sided; unadjusted for holidays,"Compare period profit bridge, channel/product mix, payroll and stock availability"
WARNING,labour_pct,9,Ballarat,0.6488085931022065,0.5405504150660315,0.43370319900530485,0.6473976311267582,0.10825817803617499,0.20027397078762874,2.533013540910753,456.96426498137686,2025-12-22,2025-12-28,8 complete prior weeks; adverse deviation and robust z exceed thresholds,Median/MAD with 3% baseline scale floor; one-sided; unadjusted for holidays,"Compare period profit bridge, channel/product mix, payroll and stock availability"
WARNING,labour_pct,2,Newcastle,0.6001371841155235,0.46916484146195747,0.36066537087417067,0.5776643120497442,0.13097234265356605,0.27916060855166624,3.0178106387071373,362.79338915037795,2025-12-22,2025-12-28,8 complete prior weeks; adverse deviation and robust z exceed thresholds,Median/MAD with 3% baseline scale floor; one-sided; unadjusted for holidays,"Compare period profit bridge, channel/product mix, payroll and stock availability"
WARNING,stockout_rate,29,Whyalla,0.07142857142857142,0.005952380952380952,-0.016110119047619047,0.02801488095238095,0.06547619047619047,7.419398354242546,7.419398354242546,0.0,2025-12-22,2025-12-28,8 complete prior weeks; adverse deviation and robust z exceed thresholds,Median/MAD with 3% baseline scale floor; one-sided; unadjusted for holidays,"Compare period profit bridge, channel/product mix, payroll and stock availability"
WARNING,refund_rate,22,Mandurah,0.09274193548387097,0.05381371249548138,0.023712000166714247,0.0839154248242485,0.03892822298838959,0.7233885413807551,3.233057189838606,0.0,2025-12-22,2025-12-28,8 complete prior weeks; adverse deviation and robust z exceed thresholds,Median/MAD with 3% baseline scale floor; one-sided; unadjusted for holidays,"Compare period profit bridge, channel/product mix, payroll and stock availability"
WARNING,stockout_rate,26,Glenelg,0.023809523809523808,0.011904761904761904,0.011011904761904761,0.012797619047619047,0.011904761904761904,1.0,33.333333333333336,0.0,2025-12-22,2025-12-28,8 complete prior weeks; adverse deviation and robust z exceed thresholds,Median/MAD with 3% baseline scale floor; one-sided; unadjusted for holidays,"Compare period profit bridge, channel/product mix, payroll and stock availability"
WARNING,stockout_rate,17,Redcliffe,0.011904761904761904,0.0,-2.4999999999999998e-06,2.4999999999999998e-06,0.011904761904761904,11904.761904761905,11904.761904761905,0.0,2025-12-22,2025-12-28,8 complete prior weeks; adverse deviation and robust z exceed thresholds,Median/MAD with 3% baseline scale floor; one-sided; unadjusted for holidays,"Compare period profit bridge, channel/product mix, payroll and stock availability"
WARNING,refund_rate,14,Cairns,0.010169491525423728,0.003718756912187569,0.0030588683968098963,0.0043786454275652415,0.006450734613236159,1.734648100308739,24.438728902351876,0.0,2025-12-22,2025-12-28,8 complete prior weeks; adverse deviation and robust z exceed thresholds,Median/MAD with 3% baseline scale floor; one-sided; unadjusted for holidays,"Compare period profit bridge, channel/product mix, payroll and stock availability"
WARNING,stockout_rate,12,Frankston,0.03571428571428571,0.011904761904761904,0.011011904761904761,0.012797619047619047,0.023809523809523808,2.0,66.66666666666667,0.0,2025-12-22,2025-12-28,8 complete prior weeks; adverse deviation and robust z exceed thresholds,Median/MAD with 3% baseline scale floor; one-sided; unadjusted for holidays,"Compare period profit bridge, channel/product mix, payroll and stock availability"
WARNING,stockout_rate,33,Woden,0.023809523809523808,0.011904761904761904,0.011011904761904761,0.012797619047619047,0.011904761904761904,1.0,33.333333333333336,0.0,2025-12-22,2025-12-28,8 complete prior weeks; adverse deviation and robust z exceed thresholds,Median/MAD with 3% baseline scale floor; one-sided; unadjusted for holidays,"Compare period profit bridge, channel/product mix, payroll and stock availability"
