metric,model,split,origin,horizon,actual,predicted,lower,upper
revenue,Seasonal naive,validation,2025-09-10,1,20996.05,22289.5,,
revenue,Seasonal naive,validation,2025-09-10,2,20005.58,21922.0,,
revenue,Seasonal naive,validation,2025-09-10,3,27897.5,27272.5,,
revenue,Seasonal naive,validation,2025-09-10,4,25651.0,25735.5,,
revenue,Seasonal naive,validation,2025-09-10,5,21215.5,21675.66,,
revenue,Seasonal naive,validation,2025-09-10,6,21587.0,21481.66,,
revenue,Seasonal naive,validation,2025-09-10,7,22422.0,20676.440000000002,,
revenue,Seasonal naive,validation,2025-09-10,8,22430.5,22289.5,,
revenue,Seasonal naive,validation,2025-09-10,9,21202.5,21922.0,,
revenue,Seasonal naive,validation,2025-09-10,10,26079.5,27272.5,,
revenue,Seasonal naive,validation,2025-09-10,11,25003.5,25735.5,,
revenue,Seasonal naive,validation,2025-09-10,12,21528.18,21675.66,,
revenue,Seasonal naive,validation,2025-09-10,13,21234.1,21481.66,,
revenue,Seasonal naive,validation,2025-09-10,14,21382.899999999998,20676.440000000002,,
revenue,Seasonal naive,validation,2025-09-10,15,20000.54,22289.5,,
revenue,Seasonal naive,validation,2025-09-10,16,19744.5,21922.0,,
revenue,Seasonal naive,validation,2025-09-10,17,27050.0,27272.5,,
revenue,Seasonal naive,validation,2025-09-10,18,24403.0,25735.5,,
revenue,Seasonal naive,validation,2025-09-10,19,21891.5,21675.66,,
revenue,Seasonal naive,validation,2025-09-10,20,20524.0,21481.66,,
revenue,Seasonal naive,validation,2025-09-10,21,20743.0,20676.440000000002,,
revenue,Seasonal naive,validation,2025-09-10,22,22210.5,22289.5,,
revenue,Seasonal naive,validation,2025-09-10,23,21125.5,21922.0,,
revenue,Seasonal naive,validation,2025-09-10,24,24979.5,27272.5,,
revenue,Seasonal naive,validation,2025-09-10,25,25042.0,25735.5,,
revenue,Seasonal naive,validation,2025-09-10,26,21852.55,21675.66,,
revenue,Seasonal naive,validation,2025-09-10,27,21927.39,21481.66,,
revenue,Seasonal naive,validation,2025-09-10,28,19146.679999999997,20676.440000000002,,
revenue,Seasonal naive,validation,2025-10-08,1,20196.5,22210.5,,
revenue,Seasonal naive,validation,2025-10-08,2,20630.51,21125.5,,
revenue,Seasonal naive,validation,2025-10-08,3,25844.0,24979.5,,
revenue,Seasonal naive,validation,2025-10-08,4,25633.5,25042.0,,
revenue,Seasonal naive,validation,2025-10-08,5,20667.0,21852.55,,
revenue,Seasonal naive,validation,2025-10-08,6,21038.5,21927.39,,
revenue,Seasonal naive,validation,2025-10-08,7,22543.0,19146.679999999997,,
revenue,Seasonal naive,validation,2025-10-08,8,21821.0,22210.5,,
revenue,Seasonal naive,validation,2025-10-08,9,20335.5,21125.5,,
revenue,Seasonal naive,validation,2025-10-08,10,24593.0,24979.5,,
revenue,Seasonal naive,validation,2025-10-08,11,24356.5,25042.0,,
revenue,Seasonal naive,validation,2025-10-08,12,20669.0,21852.55,,
revenue,Seasonal naive,validation,2025-10-08,13,22242.0,21927.39,,
revenue,Seasonal naive,validation,2025-10-08,14,21168.16,19146.679999999997,,
revenue,Seasonal naive,validation,2025-10-08,15,21719.8,22210.5,,
revenue,Seasonal naive,validation,2025-10-08,16,20471.78,21125.5,,
revenue,Seasonal naive,validation,2025-10-08,17,24351.14,24979.5,,
revenue,Seasonal naive,validation,2025-10-08,18,26882.0,25042.0,,
revenue,Seasonal naive,validation,2025-10-08,19,20235.0,21852.55,,
revenue,Seasonal naive,validation,2025-10-08,20,21523.5,21927.39,,
revenue,Seasonal naive,validation,2025-10-08,21,21981.5,19146.679999999997,,
revenue,Seasonal naive,validation,2025-10-08,22,21345.0,22210.5,,
revenue,Seasonal naive,validation,2025-10-08,23,22571.0,21125.5,,
revenue,Seasonal naive,validation,2025-10-08,24,25157.0,24979.5,,
revenue,Seasonal naive,validation,2025-10-08,25,25785.0,25042.0,,
revenue,Seasonal naive,validation,2025-10-08,26,21218.37,21852.55,,
revenue,Seasonal naive,validation,2025-10-08,27,22658.39,21927.39,,
revenue,Seasonal naive,validation,2025-10-08,28,20943.649999999998,19146.679999999997,,
revenue,Seasonal naive,validation,2025-11-05,1,21103.9,21345.0,,
revenue,Seasonal naive,validation,2025-11-05,2,20571.36,22571.0,,
revenue,Seasonal naive,validation,2025-11-05,3,25298.5,25157.0,,
revenue,Seasonal naive,validation,2025-11-05,4,25359.0,25785.0,,
revenue,Seasonal naive,validation,2025-11-05,5,22025.5,21218.37,,
revenue,Seasonal naive,validation,2025-11-05,6,20955.0,22658.39,,
revenue,Seasonal naive,validation,2025-11-05,7,20929.0,20943.649999999998,,
revenue,Seasonal naive,validation,2025-11-05,8,22105.5,21345.0,,
revenue,Seasonal naive,validation,2025-11-05,9,20545.0,22571.0,,
revenue,Seasonal naive,validation,2025-11-05,10,24567.0,25157.0,,
revenue,Seasonal naive,validation,2025-11-05,11,26711.0,25785.0,,
revenue,Seasonal naive,validation,2025-11-05,12,21855.0,21218.37,,
revenue,Seasonal naive,validation,2025-11-05,13,21812.5,22658.39,,
revenue,Seasonal naive,validation,2025-11-05,14,22128.5,20943.649999999998,,
revenue,Seasonal naive,validation,2025-11-05,15,21370.5,21345.0,,
revenue,Seasonal naive,validation,2025-11-05,16,20698.14,22571.0,,
revenue,Seasonal naive,validation,2025-11-05,17,25513.579999999998,25157.0,,
revenue,Seasonal naive,validation,2025-11-05,18,26111.18,25785.0,,
revenue,Seasonal naive,validation,2025-11-05,19,21664.98,21218.37,,
revenue,Seasonal naive,validation,2025-11-05,20,20940.0,22658.39,,
revenue,Seasonal naive,validation,2025-11-05,21,23135.0,20943.649999999998,,
revenue,Seasonal naive,validation,2025-11-05,22,21024.0,21345.0,,
revenue,Seasonal naive,validation,2025-11-05,23,20764.0,22571.0,,
revenue,Seasonal naive,validation,2025-11-05,24,26038.0,25157.0,,
revenue,Seasonal naive,validation,2025-11-05,25,25614.0,25785.0,,
revenue,Seasonal naive,validation,2025-11-05,26,20426.69,21218.37,,
revenue,Seasonal naive,validation,2025-11-05,27,21017.51,22658.39,,
revenue,Seasonal naive,validation,2025-11-05,28,21241.14,20943.649999999998,,
revenue,Weekday mean (8 weeks),validation,2025-09-10,1,20996.05,23087.903749999998,,
revenue,Weekday mean (8 weeks),validation,2025-09-10,2,20005.58,22956.94375,,
revenue,Weekday mean (8 weeks),validation,2025-09-10,3,27897.5,27510.5975,,
revenue,Weekday mean (8 weeks),validation,2025-09-10,4,25651.0,27930.535,,
revenue,Weekday mean (8 weeks),validation,2025-09-10,5,21215.5,22886.03,,
revenue,Weekday mean (8 weeks),validation,2025-09-10,6,21587.0,22640.917500000003,,
revenue,Weekday mean (8 weeks),validation,2025-09-10,7,22422.0,22731.905,,
revenue,Weekday mean (8 weeks),validation,2025-09-10,8,22430.5,23087.903749999998,,
revenue,Weekday mean (8 weeks),validation,2025-09-10,9,21202.5,22956.94375,,
revenue,Weekday mean (8 weeks),validation,2025-09-10,10,26079.5,27510.5975,,
revenue,Weekday mean (8 weeks),validation,2025-09-10,11,25003.5,27930.535,,
revenue,Weekday mean (8 weeks),validation,2025-09-10,12,21528.18,22886.03,,
revenue,Weekday mean (8 weeks),validation,2025-09-10,13,21234.1,22640.917500000003,,
revenue,Weekday mean (8 weeks),validation,2025-09-10,14,21382.899999999998,22731.905,,
revenue,Weekday mean (8 weeks),validation,2025-09-10,15,20000.54,23087.903749999998,,
revenue,Weekday mean (8 weeks),validation,2025-09-10,16,19744.5,22956.94375,,
revenue,Weekday mean (8 weeks),validation,2025-09-10,17,27050.0,27510.5975,,
revenue,Weekday mean (8 weeks),validation,2025-09-10,18,24403.0,27930.535,,
revenue,Weekday mean (8 weeks),validation,2025-09-10,19,21891.5,22886.03,,
revenue,Weekday mean (8 weeks),validation,2025-09-10,20,20524.0,22640.917500000003,,
revenue,Weekday mean (8 weeks),validation,2025-09-10,21,20743.0,22731.905,,
revenue,Weekday mean (8 weeks),validation,2025-09-10,22,22210.5,23087.903749999998,,
revenue,Weekday mean (8 weeks),validation,2025-09-10,23,21125.5,22956.94375,,
revenue,Weekday mean (8 weeks),validation,2025-09-10,24,24979.5,27510.5975,,
revenue,Weekday mean (8 weeks),validation,2025-09-10,25,25042.0,27930.535,,
revenue,Weekday mean (8 weeks),validation,2025-09-10,26,21852.55,22886.03,,
revenue,Weekday mean (8 weeks),validation,2025-09-10,27,21927.39,22640.917500000003,,
revenue,Weekday mean (8 weeks),validation,2025-09-10,28,19146.679999999997,22731.905,,
revenue,Weekday mean (8 weeks),validation,2025-10-08,1,20196.5,21972.24375,,
revenue,Weekday mean (8 weeks),validation,2025-10-08,2,20630.51,21205.1025,,
revenue,Weekday mean (8 weeks),validation,2025-10-08,3,25844.0,26764.4575,,
revenue,Weekday mean (8 weeks),validation,2025-10-08,4,25633.5,26077.4775,,
revenue,Weekday mean (8 weeks),validation,2025-10-08,5,20667.0,21728.948750000003,,
revenue,Weekday mean (8 weeks),validation,2025-10-08,6,21038.5,21850.56625,,
revenue,Weekday mean (8 weeks),validation,2025-10-08,7,22543.0,21192.065,,
revenue,Weekday mean (8 weeks),validation,2025-10-08,8,21821.0,21972.24375,,
revenue,Weekday mean (8 weeks),validation,2025-10-08,9,20335.5,21205.1025,,
revenue,Weekday mean (8 weeks),validation,2025-10-08,10,24593.0,26764.4575,,
revenue,Weekday mean (8 weeks),validation,2025-10-08,11,24356.5,26077.4775,,
revenue,Weekday mean (8 weeks),validation,2025-10-08,12,20669.0,21728.948750000003,,
revenue,Weekday mean (8 weeks),validation,2025-10-08,13,22242.0,21850.56625,,
revenue,Weekday mean (8 weeks),validation,2025-10-08,14,21168.16,21192.065,,
revenue,Weekday mean (8 weeks),validation,2025-10-08,15,21719.8,21972.24375,,
revenue,Weekday mean (8 weeks),validation,2025-10-08,16,20471.78,21205.1025,,
revenue,Weekday mean (8 weeks),validation,2025-10-08,17,24351.14,26764.4575,,
revenue,Weekday mean (8 weeks),validation,2025-10-08,18,26882.0,26077.4775,,
revenue,Weekday mean (8 weeks),validation,2025-10-08,19,20235.0,21728.948750000003,,
revenue,Weekday mean (8 weeks),validation,2025-10-08,20,21523.5,21850.56625,,
revenue,Weekday mean (8 weeks),validation,2025-10-08,21,21981.5,21192.065,,
revenue,Weekday mean (8 weeks),validation,2025-10-08,22,21345.0,21972.24375,,
revenue,Weekday mean (8 weeks),validation,2025-10-08,23,22571.0,21205.1025,,
revenue,Weekday mean (8 weeks),validation,2025-10-08,24,25157.0,26764.4575,,
revenue,Weekday mean (8 weeks),validation,2025-10-08,25,25785.0,26077.4775,,
revenue,Weekday mean (8 weeks),validation,2025-10-08,26,21218.37,21728.948750000003,,
revenue,Weekday mean (8 weeks),validation,2025-10-08,27,22658.39,21850.56625,,
revenue,Weekday mean (8 weeks),validation,2025-10-08,28,20943.649999999998,21192.065,,
revenue,Weekday mean (8 weeks),validation,2025-11-05,1,21103.9,21339.98625,,
revenue,Weekday mean (8 weeks),validation,2025-11-05,2,20571.36,20760.85875,,
revenue,Weekday mean (8 weeks),validation,2025-11-05,3,25298.5,25743.955,,
revenue,Weekday mean (8 weeks),validation,2025-11-05,4,25359.0,25344.5625,,
revenue,Weekday mean (8 weeks),validation,2025-11-05,5,22025.5,21159.6375,,
revenue,Weekday mean (8 weeks),validation,2025-11-05,6,20955.0,21591.86,,
revenue,Weekday mean (8 weeks),validation,2025-11-05,7,20929.0,21291.361249999998,,
revenue,Weekday mean (8 weeks),validation,2025-11-05,8,22105.5,21339.98625,,
revenue,Weekday mean (8 weeks),validation,2025-11-05,9,20545.0,20760.85875,,
revenue,Weekday mean (8 weeks),validation,2025-11-05,10,24567.0,25743.955,,
revenue,Weekday mean (8 weeks),validation,2025-11-05,11,26711.0,25344.5625,,
revenue,Weekday mean (8 weeks),validation,2025-11-05,12,21855.0,21159.6375,,
revenue,Weekday mean (8 weeks),validation,2025-11-05,13,21812.5,21591.86,,
revenue,Weekday mean (8 weeks),validation,2025-11-05,14,22128.5,21291.361249999998,,
revenue,Weekday mean (8 weeks),validation,2025-11-05,15,21370.5,21339.98625,,
revenue,Weekday mean (8 weeks),validation,2025-11-05,16,20698.14,20760.85875,,
revenue,Weekday mean (8 weeks),validation,2025-11-05,17,25513.579999999998,25743.955,,
revenue,Weekday mean (8 weeks),validation,2025-11-05,18,26111.18,25344.5625,,
revenue,Weekday mean (8 weeks),validation,2025-11-05,19,21664.98,21159.6375,,
revenue,Weekday mean (8 weeks),validation,2025-11-05,20,20940.0,21591.86,,
revenue,Weekday mean (8 weeks),validation,2025-11-05,21,23135.0,21291.361249999998,,
revenue,Weekday mean (8 weeks),validation,2025-11-05,22,21024.0,21339.98625,,
revenue,Weekday mean (8 weeks),validation,2025-11-05,23,20764.0,20760.85875,,
revenue,Weekday mean (8 weeks),validation,2025-11-05,24,26038.0,25743.955,,
revenue,Weekday mean (8 weeks),validation,2025-11-05,25,25614.0,25344.5625,,
revenue,Weekday mean (8 weeks),validation,2025-11-05,26,20426.69,21159.6375,,
revenue,Weekday mean (8 weeks),validation,2025-11-05,27,21017.51,21591.86,,
revenue,Weekday mean (8 weeks),validation,2025-11-05,28,21241.14,21291.361249999998,,
revenue,Seasonal naive,holdout,2025-12-03,1,20823.780000000002,21024.0,19154.11,22893.89
revenue,Seasonal naive,holdout,2025-12-03,2,22093.280000000002,20764.0,18781.004,22746.996
revenue,Seasonal naive,holdout,2025-12-03,3,24202.5,26038.0,25221.4,26854.6
revenue,Seasonal naive,holdout,2025-12-03,4,25175.5,25614.0,25055.6,26172.4
revenue,Seasonal naive,holdout,2025-12-03,5,22181.5,20426.69,19316.824,21536.555999999997
revenue,Seasonal naive,holdout,2025-12-03,6,22565.5,21017.51,19477.02,22557.999999999996
revenue,Seasonal naive,holdout,2025-12-03,7,20670.0,21241.14,18174.971999999998,24307.308
revenue,Seasonal naive,holdout,2025-12-03,8,22095.5,21024.0,20337.7,21710.3
revenue,Seasonal naive,holdout,2025-12-03,9,22021.5,20764.0,18985.2,22542.8
revenue,Seasonal naive,holdout,2025-12-03,10,26251.5,26038.0,24965.6,27110.4
revenue,Seasonal naive,holdout,2025-12-03,11,24276.0,25614.0,24726.8,26501.2
revenue,Seasonal naive,holdout,2025-12-03,12,22807.0,20426.69,19352.523999999998,21500.856
revenue,Seasonal naive,holdout,2025-12-03,13,22297.0,21017.51,20277.876,21757.143999999997
revenue,Seasonal naive,holdout,2025-12-03,14,21633.5,21241.14,19386.985999999997,23095.294
revenue,Seasonal naive,holdout,2025-12-03,15,22039.5,21024.0,19094.692,22953.308
revenue,Seasonal naive,holdout,2025-12-03,16,21527.0,20764.0,18647.428,22880.572
revenue,Seasonal naive,holdout,2025-12-03,17,26672.0,26038.0,25463.996,26612.004
revenue,Seasonal naive,holdout,2025-12-03,18,25462.96,25614.0,23875.5,27352.5
revenue,Seasonal naive,holdout,2025-12-03,19,21883.48,20426.69,19043.327999999998,21810.052
revenue,Seasonal naive,holdout,2025-12-03,20,22439.64,21017.51,19451.266,22583.753999999997
revenue,Seasonal naive,holdout,2025-12-03,21,21999.22,21241.14,18535.013999999996,23947.266000000003
revenue,Seasonal naive,holdout,2025-12-03,22,22494.0,21024.0,20267.4,21780.6
revenue,Seasonal naive,holdout,2025-12-03,23,22809.5,20764.0,19029.3,22498.7
revenue,Seasonal naive,holdout,2025-12-03,24,26387.5,26038.0,24027.4,28048.6
revenue,Seasonal naive,holdout,2025-12-03,25,26334.5,25614.0,24880.9,26347.1
revenue,Seasonal naive,holdout,2025-12-03,26,22179.77,20426.69,19666.51,21186.87
revenue,Seasonal naive,holdout,2025-12-03,27,22410.16,21017.51,19558.605999999996,22476.414
revenue,Seasonal naive,holdout,2025-12-03,28,22587.55,21241.14,19497.611999999997,22984.668
transactions,Seasonal naive,validation,2025-09-10,1,1253.0,1257.0,,
transactions,Seasonal naive,validation,2025-09-10,2,1169.0,1227.0,,
transactions,Seasonal naive,validation,2025-09-10,3,1516.0,1436.0,,
transactions,Seasonal naive,validation,2025-09-10,4,1426.0,1411.0,,
transactions,Seasonal naive,validation,2025-09-10,5,1170.0,1249.0,,
transactions,Seasonal naive,validation,2025-09-10,6,1159.0,1279.0,,
transactions,Seasonal naive,validation,2025-09-10,7,1273.0,1240.0,,
transactions,Seasonal naive,validation,2025-09-10,8,1231.0,1257.0,,
transactions,Seasonal naive,validation,2025-09-10,9,1182.0,1227.0,,
transactions,Seasonal naive,validation,2025-09-10,10,1380.0,1436.0,,
transactions,Seasonal naive,validation,2025-09-10,11,1423.0,1411.0,,
transactions,Seasonal naive,validation,2025-09-10,12,1197.0,1249.0,,
transactions,Seasonal naive,validation,2025-09-10,13,1178.0,1279.0,,
transactions,Seasonal naive,validation,2025-09-10,14,1143.0,1240.0,,
transactions,Seasonal naive,validation,2025-09-10,15,1160.0,1257.0,,
transactions,Seasonal naive,validation,2025-09-10,16,1134.0,1227.0,,
transactions,Seasonal naive,validation,2025-09-10,17,1482.0,1436.0,,
transactions,Seasonal naive,validation,2025-09-10,18,1374.0,1411.0,,
transactions,Seasonal naive,validation,2025-09-10,19,1217.0,1249.0,,
transactions,Seasonal naive,validation,2025-09-10,20,1156.0,1279.0,,
transactions,Seasonal naive,validation,2025-09-10,21,1173.0,1240.0,,
transactions,Seasonal naive,validation,2025-09-10,22,1214.0,1257.0,,
transactions,Seasonal naive,validation,2025-09-10,23,1152.0,1227.0,,
transactions,Seasonal naive,validation,2025-09-10,24,1399.0,1436.0,,
transactions,Seasonal naive,validation,2025-09-10,25,1366.0,1411.0,,
transactions,Seasonal naive,validation,2025-09-10,26,1277.0,1249.0,,
transactions,Seasonal naive,validation,2025-09-10,27,1292.0,1279.0,,
transactions,Seasonal naive,validation,2025-09-10,28,1148.0,1240.0,,
transactions,Seasonal naive,validation,2025-10-08,1,1202.0,1214.0,,
transactions,Seasonal naive,validation,2025-10-08,2,1203.0,1152.0,,
transactions,Seasonal naive,validation,2025-10-08,3,1447.0,1399.0,,
transactions,Seasonal naive,validation,2025-10-08,4,1417.0,1366.0,,
transactions,Seasonal naive,validation,2025-10-08,5,1167.0,1277.0,,
transactions,Seasonal naive,validation,2025-10-08,6,1189.0,1292.0,,
transactions,Seasonal naive,validation,2025-10-08,7,1226.0,1148.0,,
transactions,Seasonal naive,validation,2025-10-08,8,1218.0,1214.0,,
transactions,Seasonal naive,validation,2025-10-08,9,1122.0,1152.0,,
transactions,Seasonal naive,validation,2025-10-08,10,1436.0,1399.0,,
transactions,Seasonal naive,validation,2025-10-08,11,1393.0,1366.0,,
transactions,Seasonal naive,validation,2025-10-08,12,1186.0,1277.0,,
transactions,Seasonal naive,validation,2025-10-08,13,1237.0,1292.0,,
transactions,Seasonal naive,validation,2025-10-08,14,1185.0,1148.0,,
transactions,Seasonal naive,validation,2025-10-08,15,1235.0,1214.0,,
transactions,Seasonal naive,validation,2025-10-08,16,1163.0,1152.0,,
transactions,Seasonal naive,validation,2025-10-08,17,1402.0,1399.0,,
transactions,Seasonal naive,validation,2025-10-08,18,1476.0,1366.0,,
transactions,Seasonal naive,validation,2025-10-08,19,1163.0,1277.0,,
transactions,Seasonal naive,validation,2025-10-08,20,1193.0,1292.0,,
transactions,Seasonal naive,validation,2025-10-08,21,1203.0,1148.0,,
transactions,Seasonal naive,validation,2025-10-08,22,1202.0,1214.0,,
transactions,Seasonal naive,validation,2025-10-08,23,1269.0,1152.0,,
transactions,Seasonal naive,validation,2025-10-08,24,1366.0,1399.0,,
transactions,Seasonal naive,validation,2025-10-08,25,1417.0,1366.0,,
transactions,Seasonal naive,validation,2025-10-08,26,1241.0,1277.0,,
transactions,Seasonal naive,validation,2025-10-08,27,1305.0,1292.0,,
transactions,Seasonal naive,validation,2025-10-08,28,1258.0,1148.0,,
transactions,Seasonal naive,validation,2025-11-05,1,1234.0,1202.0,,
transactions,Seasonal naive,validation,2025-11-05,2,1248.0,1269.0,,
transactions,Seasonal naive,validation,2025-11-05,3,1427.0,1366.0,,
transactions,Seasonal naive,validation,2025-11-05,4,1450.0,1417.0,,
transactions,Seasonal naive,validation,2025-11-05,5,1208.0,1241.0,,
transactions,Seasonal naive,validation,2025-11-05,6,1223.0,1305.0,,
transactions,Seasonal naive,validation,2025-11-05,7,1225.0,1258.0,,
transactions,Seasonal naive,validation,2025-11-05,8,1230.0,1202.0,,
transactions,Seasonal naive,validation,2025-11-05,9,1231.0,1269.0,,
transactions,Seasonal naive,validation,2025-11-05,10,1425.0,1366.0,,
transactions,Seasonal naive,validation,2025-11-05,11,1483.0,1417.0,,
transactions,Seasonal naive,validation,2025-11-05,12,1254.0,1241.0,,
transactions,Seasonal naive,validation,2025-11-05,13,1253.0,1305.0,,
transactions,Seasonal naive,validation,2025-11-05,14,1214.0,1258.0,,
transactions,Seasonal naive,validation,2025-11-05,15,1212.0,1202.0,,
transactions,Seasonal naive,validation,2025-11-05,16,1214.0,1269.0,,
transactions,Seasonal naive,validation,2025-11-05,17,1497.0,1366.0,,
transactions,Seasonal naive,validation,2025-11-05,18,1492.0,1417.0,,
transactions,Seasonal naive,validation,2025-11-05,19,1245.0,1241.0,,
transactions,Seasonal naive,validation,2025-11-05,20,1220.0,1305.0,,
transactions,Seasonal naive,validation,2025-11-05,21,1291.0,1258.0,,
transactions,Seasonal naive,validation,2025-11-05,22,1209.0,1202.0,,
transactions,Seasonal naive,validation,2025-11-05,23,1211.0,1269.0,,
transactions,Seasonal naive,validation,2025-11-05,24,1520.0,1366.0,,
transactions,Seasonal naive,validation,2025-11-05,25,1445.0,1417.0,,
transactions,Seasonal naive,validation,2025-11-05,26,1286.0,1241.0,,
transactions,Seasonal naive,validation,2025-11-05,27,1253.0,1305.0,,
transactions,Seasonal naive,validation,2025-11-05,28,1279.0,1258.0,,
transactions,Weekday mean (8 weeks),validation,2025-09-10,1,1253.0,1285.0,,
transactions,Weekday mean (8 weeks),validation,2025-09-10,2,1169.0,1292.5,,
transactions,Weekday mean (8 weeks),validation,2025-09-10,3,1516.0,1487.875,,
transactions,Weekday mean (8 weeks),validation,2025-09-10,4,1426.0,1525.5,,
transactions,Weekday mean (8 weeks),validation,2025-09-10,5,1170.0,1263.875,,
transactions,Weekday mean (8 weeks),validation,2025-09-10,6,1159.0,1265.625,,
transactions,Weekday mean (8 weeks),validation,2025-09-10,7,1273.0,1277.875,,
transactions,Weekday mean (8 weeks),validation,2025-09-10,8,1231.0,1285.0,,
transactions,Weekday mean (8 weeks),validation,2025-09-10,9,1182.0,1292.5,,
transactions,Weekday mean (8 weeks),validation,2025-09-10,10,1380.0,1487.875,,
transactions,Weekday mean (8 weeks),validation,2025-09-10,11,1423.0,1525.5,,
transactions,Weekday mean (8 weeks),validation,2025-09-10,12,1197.0,1263.875,,
transactions,Weekday mean (8 weeks),validation,2025-09-10,13,1178.0,1265.625,,
transactions,Weekday mean (8 weeks),validation,2025-09-10,14,1143.0,1277.875,,
transactions,Weekday mean (8 weeks),validation,2025-09-10,15,1160.0,1285.0,,
transactions,Weekday mean (8 weeks),validation,2025-09-10,16,1134.0,1292.5,,
transactions,Weekday mean (8 weeks),validation,2025-09-10,17,1482.0,1487.875,,
transactions,Weekday mean (8 weeks),validation,2025-09-10,18,1374.0,1525.5,,
transactions,Weekday mean (8 weeks),validation,2025-09-10,19,1217.0,1263.875,,
transactions,Weekday mean (8 weeks),validation,2025-09-10,20,1156.0,1265.625,,
transactions,Weekday mean (8 weeks),validation,2025-09-10,21,1173.0,1277.875,,
transactions,Weekday mean (8 weeks),validation,2025-09-10,22,1214.0,1285.0,,
transactions,Weekday mean (8 weeks),validation,2025-09-10,23,1152.0,1292.5,,
transactions,Weekday mean (8 weeks),validation,2025-09-10,24,1399.0,1487.875,,
transactions,Weekday mean (8 weeks),validation,2025-09-10,25,1366.0,1525.5,,
transactions,Weekday mean (8 weeks),validation,2025-09-10,26,1277.0,1263.875,,
transactions,Weekday mean (8 weeks),validation,2025-09-10,27,1292.0,1265.625,,
transactions,Weekday mean (8 weeks),validation,2025-09-10,28,1148.0,1277.875,,
transactions,Weekday mean (8 weeks),validation,2025-10-08,1,1202.0,1235.5,,
transactions,Weekday mean (8 weeks),validation,2025-10-08,2,1203.0,1203.75,,
transactions,Weekday mean (8 weeks),validation,2025-10-08,3,1447.0,1450.0,,
transactions,Weekday mean (8 weeks),validation,2025-10-08,4,1417.0,1438.375,,
transactions,Weekday mean (8 weeks),validation,2025-10-08,5,1167.0,1214.25,,
transactions,Weekday mean (8 weeks),validation,2025-10-08,6,1189.0,1225.375,,
transactions,Weekday mean (8 weeks),validation,2025-10-08,7,1226.0,1206.75,,
transactions,Weekday mean (8 weeks),validation,2025-10-08,8,1218.0,1235.5,,
transactions,Weekday mean (8 weeks),validation,2025-10-08,9,1122.0,1203.75,,
transactions,Weekday mean (8 weeks),validation,2025-10-08,10,1436.0,1450.0,,
transactions,Weekday mean (8 weeks),validation,2025-10-08,11,1393.0,1438.375,,
transactions,Weekday mean (8 weeks),validation,2025-10-08,12,1186.0,1214.25,,
transactions,Weekday mean (8 weeks),validation,2025-10-08,13,1237.0,1225.375,,
transactions,Weekday mean (8 weeks),validation,2025-10-08,14,1185.0,1206.75,,
transactions,Weekday mean (8 weeks),validation,2025-10-08,15,1235.0,1235.5,,
transactions,Weekday mean (8 weeks),validation,2025-10-08,16,1163.0,1203.75,,
transactions,Weekday mean (8 weeks),validation,2025-10-08,17,1402.0,1450.0,,
transactions,Weekday mean (8 weeks),validation,2025-10-08,18,1476.0,1438.375,,
transactions,Weekday mean (8 weeks),validation,2025-10-08,19,1163.0,1214.25,,
transactions,Weekday mean (8 weeks),validation,2025-10-08,20,1193.0,1225.375,,
transactions,Weekday mean (8 weeks),validation,2025-10-08,21,1203.0,1206.75,,
transactions,Weekday mean (8 weeks),validation,2025-10-08,22,1202.0,1235.5,,
transactions,Weekday mean (8 weeks),validation,2025-10-08,23,1269.0,1203.75,,
transactions,Weekday mean (8 weeks),validation,2025-10-08,24,1366.0,1450.0,,
transactions,Weekday mean (8 weeks),validation,2025-10-08,25,1417.0,1438.375,,
transactions,Weekday mean (8 weeks),validation,2025-10-08,26,1241.0,1214.25,,
transactions,Weekday mean (8 weeks),validation,2025-10-08,27,1305.0,1225.375,,
transactions,Weekday mean (8 weeks),validation,2025-10-08,28,1258.0,1206.75,,
transactions,Weekday mean (8 weeks),validation,2025-11-05,1,1234.0,1214.375,,
transactions,Weekday mean (8 weeks),validation,2025-11-05,2,1248.0,1174.25,,
transactions,Weekday mean (8 weeks),validation,2025-11-05,3,1427.0,1428.5,,
transactions,Weekday mean (8 weeks),validation,2025-11-05,4,1450.0,1411.5,,
transactions,Weekday mean (8 weeks),validation,2025-11-05,5,1208.0,1202.25,,
transactions,Weekday mean (8 weeks),validation,2025-11-05,6,1223.0,1213.625,,
transactions,Weekday mean (8 weeks),validation,2025-11-05,7,1225.0,1201.125,,
transactions,Weekday mean (8 weeks),validation,2025-11-05,8,1230.0,1214.375,,
transactions,Weekday mean (8 weeks),validation,2025-11-05,9,1231.0,1174.25,,
transactions,Weekday mean (8 weeks),validation,2025-11-05,10,1425.0,1428.5,,
transactions,Weekday mean (8 weeks),validation,2025-11-05,11,1483.0,1411.5,,
transactions,Weekday mean (8 weeks),validation,2025-11-05,12,1254.0,1202.25,,
transactions,Weekday mean (8 weeks),validation,2025-11-05,13,1253.0,1213.625,,
transactions,Weekday mean (8 weeks),validation,2025-11-05,14,1214.0,1201.125,,
transactions,Weekday mean (8 weeks),validation,2025-11-05,15,1212.0,1214.375,,
transactions,Weekday mean (8 weeks),validation,2025-11-05,16,1214.0,1174.25,,
transactions,Weekday mean (8 weeks),validation,2025-11-05,17,1497.0,1428.5,,
transactions,Weekday mean (8 weeks),validation,2025-11-05,18,1492.0,1411.5,,
transactions,Weekday mean (8 weeks),validation,2025-11-05,19,1245.0,1202.25,,
transactions,Weekday mean (8 weeks),validation,2025-11-05,20,1220.0,1213.625,,
transactions,Weekday mean (8 weeks),validation,2025-11-05,21,1291.0,1201.125,,
transactions,Weekday mean (8 weeks),validation,2025-11-05,22,1209.0,1214.375,,
transactions,Weekday mean (8 weeks),validation,2025-11-05,23,1211.0,1174.25,,
transactions,Weekday mean (8 weeks),validation,2025-11-05,24,1520.0,1428.5,,
transactions,Weekday mean (8 weeks),validation,2025-11-05,25,1445.0,1411.5,,
transactions,Weekday mean (8 weeks),validation,2025-11-05,26,1286.0,1202.25,,
transactions,Weekday mean (8 weeks),validation,2025-11-05,27,1253.0,1213.625,,
transactions,Weekday mean (8 weeks),validation,2025-11-05,28,1279.0,1201.125,,
transactions,Seasonal naive,holdout,2025-12-03,1,1320.0,1209.0,1181.0,1237.0
transactions,Seasonal naive,holdout,2025-12-03,2,1338.0,1211.0,1154.4,1267.6
transactions,Seasonal naive,holdout,2025-12-03,3,1411.0,1520.0,1443.8,1596.2
transactions,Seasonal naive,holdout,2025-12-03,4,1473.0,1445.0,1397.6,1492.4
transactions,Seasonal naive,holdout,2025-12-03,5,1228.0,1286.0,1182.2,1389.8
transactions,Seasonal naive,holdout,2025-12-03,6,1276.0,1253.0,1136.4,1369.6
transactions,Seasonal naive,holdout,2025-12-03,7,1204.0,1279.0,1210.0,1348.0
transactions,Seasonal naive,holdout,2025-12-03,8,1275.0,1209.0,1181.4,1236.6
transactions,Seasonal naive,holdout,2025-12-03,9,1259.0,1211.0,1167.4,1254.6
transactions,Seasonal naive,holdout,2025-12-03,10,1481.0,1520.0,1461.6,1578.4
transactions,Seasonal naive,holdout,2025-12-03,11,1437.0,1445.0,1386.8,1503.2
transactions,Seasonal naive,holdout,2025-12-03,12,1287.0,1286.0,1202.8,1369.2
transactions,Seasonal naive,holdout,2025-12-03,13,1285.0,1253.0,1161.2,1344.8
transactions,Seasonal naive,holdout,2025-12-03,14,1225.0,1279.0,1192.6,1365.4
transactions,Seasonal naive,holdout,2025-12-03,15,1313.0,1209.0,1127.2,1290.8
transactions,Seasonal naive,holdout,2025-12-03,16,1210.0,1211.0,1125.6,1296.4
transactions,Seasonal naive,holdout,2025-12-03,17,1478.0,1520.0,1406.0,1634.0
transactions,Seasonal naive,holdout,2025-12-03,18,1478.0,1445.0,1342.0,1548.0
transactions,Seasonal naive,holdout,2025-12-03,19,1268.0,1286.0,1188.4,1383.6
transactions,Seasonal naive,holdout,2025-12-03,20,1340.0,1253.0,1134.8,1371.2
transactions,Seasonal naive,holdout,2025-12-03,21,1262.0,1279.0,1214.4,1343.6
transactions,Seasonal naive,holdout,2025-12-03,22,1276.0,1209.0,1172.2,1245.8
transactions,Seasonal naive,holdout,2025-12-03,23,1324.0,1211.0,1102.4,1319.6
transactions,Seasonal naive,holdout,2025-12-03,24,1509.0,1520.0,1389.4,1650.6
transactions,Seasonal naive,holdout,2025-12-03,25,1525.0,1445.0,1395.2,1494.8
transactions,Seasonal naive,holdout,2025-12-03,26,1348.0,1286.0,1242.8,1329.2
transactions,Seasonal naive,holdout,2025-12-03,27,1365.0,1253.0,1208.8,1297.2
transactions,Seasonal naive,holdout,2025-12-03,28,1385.0,1279.0,1172.6,1385.4
gross_profit,Seasonal naive,validation,2025-09-10,1,13802.259999999998,15090.2,,
gross_profit,Seasonal naive,validation,2025-09-10,2,13097.320000000002,14761.85,,
gross_profit,Seasonal naive,validation,2025-09-10,3,18803.0,18431.04,,
gross_profit,Seasonal naive,validation,2025-09-10,4,17327.73,17383.8,,
gross_profit,Seasonal naive,validation,2025-09-10,5,14196.21,14153.27,,
gross_profit,Seasonal naive,validation,2025-09-10,6,14491.0,14002.06,,
gross_profit,Seasonal naive,validation,2025-09-10,7,15063.83,13492.330000000002,,
gross_profit,Seasonal naive,validation,2025-09-10,8,15031.52,15090.2,,
gross_profit,Seasonal naive,validation,2025-09-10,9,14318.04,14761.85,,
gross_profit,Seasonal naive,validation,2025-09-10,10,17468.72,18431.04,,
gross_profit,Seasonal naive,validation,2025-09-10,11,16787.6,17383.8,,
gross_profit,Seasonal naive,validation,2025-09-10,12,14263.35,14153.27,,
gross_profit,Seasonal naive,validation,2025-09-10,13,14144.769999999999,14002.06,,
gross_profit,Seasonal naive,validation,2025-09-10,14,14115.169999999998,13492.330000000002,,
gross_profit,Seasonal naive,validation,2025-09-10,15,13334.240000000002,15090.2,,
gross_profit,Seasonal naive,validation,2025-09-10,16,13208.4,14761.85,,
gross_profit,Seasonal naive,validation,2025-09-10,17,18165.28,18431.04,,
gross_profit,Seasonal naive,validation,2025-09-10,18,16301.810000000001,17383.8,,
gross_profit,Seasonal naive,validation,2025-09-10,19,14734.36,14153.27,,
gross_profit,Seasonal naive,validation,2025-09-10,20,13777.64,14002.06,,
gross_profit,Seasonal naive,validation,2025-09-10,21,13850.189999999999,13492.330000000002,,
gross_profit,Seasonal naive,validation,2025-09-10,22,14763.75,15090.2,,
gross_profit,Seasonal naive,validation,2025-09-10,23,14205.17,14761.85,,
gross_profit,Seasonal naive,validation,2025-09-10,24,16760.39,18431.04,,
gross_profit,Seasonal naive,validation,2025-09-10,25,16685.809999999998,17383.8,,
gross_profit,Seasonal naive,validation,2025-09-10,26,14053.599999999999,14153.27,,
gross_profit,Seasonal naive,validation,2025-09-10,27,14256.3,14002.06,,
gross_profit,Seasonal naive,validation,2025-09-10,28,12402.809999999998,13492.330000000002,,
gross_profit,Seasonal naive,validation,2025-10-08,1,13075.08,14763.75,,
gross_profit,Seasonal naive,validation,2025-10-08,2,13288.279999999999,14205.17,,
gross_profit,Seasonal naive,validation,2025-10-08,3,17255.72,16760.39,,
gross_profit,Seasonal naive,validation,2025-10-08,4,16993.29,16685.809999999998,,
gross_profit,Seasonal naive,validation,2025-10-08,5,13842.46,14053.599999999999,,
gross_profit,Seasonal naive,validation,2025-10-08,6,14077.49,14256.3,,
gross_profit,Seasonal naive,validation,2025-10-08,7,15009.14,12402.809999999998,,
gross_profit,Seasonal naive,validation,2025-10-08,8,14477.89,14763.75,,
gross_profit,Seasonal naive,validation,2025-10-08,9,13572.41,14205.17,,
gross_profit,Seasonal naive,validation,2025-10-08,10,16444.67,16760.39,,
gross_profit,Seasonal naive,validation,2025-10-08,11,16254.93,16685.809999999998,,
gross_profit,Seasonal naive,validation,2025-10-08,12,13772.96,14053.599999999999,,
gross_profit,Seasonal naive,validation,2025-10-08,13,14725.21,14256.3,,
gross_profit,Seasonal naive,validation,2025-10-08,14,13977.07,12402.809999999998,,
gross_profit,Seasonal naive,validation,2025-10-08,15,14383.0,14763.75,,
gross_profit,Seasonal naive,validation,2025-10-08,16,13582.55,14205.17,,
gross_profit,Seasonal naive,validation,2025-10-08,17,16076.93,16760.39,,
gross_profit,Seasonal naive,validation,2025-10-08,18,17775.29,16685.809999999998,,
gross_profit,Seasonal naive,validation,2025-10-08,19,13441.49,14053.599999999999,,
gross_profit,Seasonal naive,validation,2025-10-08,20,14244.27,14256.3,,
gross_profit,Seasonal naive,validation,2025-10-08,21,14555.94,12402.809999999998,,
gross_profit,Seasonal naive,validation,2025-10-08,22,14150.49,14763.75,,
gross_profit,Seasonal naive,validation,2025-10-08,23,14985.29,14205.17,,
gross_profit,Seasonal naive,validation,2025-10-08,24,16679.440000000002,16760.39,,
gross_profit,Seasonal naive,validation,2025-10-08,25,17052.96,16685.809999999998,,
gross_profit,Seasonal naive,validation,2025-10-08,26,13588.149999999998,14053.599999999999,,
gross_profit,Seasonal naive,validation,2025-10-08,27,14500.63,14256.3,,
gross_profit,Seasonal naive,validation,2025-10-08,28,13342.279999999999,12402.809999999998,,
gross_profit,Seasonal naive,validation,2025-11-05,1,13426.030000000002,14150.49,,
gross_profit,Seasonal naive,validation,2025-11-05,2,13124.86,14985.29,,
gross_profit,Seasonal naive,validation,2025-11-05,3,16678.91,16679.440000000002,,
gross_profit,Seasonal naive,validation,2025-11-05,4,16726.59,17052.96,,
gross_profit,Seasonal naive,validation,2025-11-05,5,14529.08,13588.149999999998,,
gross_profit,Seasonal naive,validation,2025-11-05,6,13760.3,14500.63,,
gross_profit,Seasonal naive,validation,2025-11-05,7,13903.08,13342.279999999999,,
gross_profit,Seasonal naive,validation,2025-11-05,8,14506.029999999999,14150.49,,
gross_profit,Seasonal naive,validation,2025-11-05,9,13567.18,14985.29,,
gross_profit,Seasonal naive,validation,2025-11-05,10,16177.55,16679.440000000002,,
gross_profit,Seasonal naive,validation,2025-11-05,11,17698.08,17052.96,,
gross_profit,Seasonal naive,validation,2025-11-05,12,14475.91,13588.149999999998,,
gross_profit,Seasonal naive,validation,2025-11-05,13,14400.05,14500.63,,
gross_profit,Seasonal naive,validation,2025-11-05,14,14558.810000000001,13342.279999999999,,
gross_profit,Seasonal naive,validation,2025-11-05,15,14084.470000000001,14150.49,,
gross_profit,Seasonal naive,validation,2025-11-05,16,13525.039999999999,14985.29,,
gross_profit,Seasonal naive,validation,2025-11-05,17,16640.129999999997,16679.440000000002,,
gross_profit,Seasonal naive,validation,2025-11-05,18,16968.42,17052.96,,
gross_profit,Seasonal naive,validation,2025-11-05,19,14160.16,13588.149999999998,,
gross_profit,Seasonal naive,validation,2025-11-05,20,13800.279999999999,14500.63,,
gross_profit,Seasonal naive,validation,2025-11-05,21,15107.939999999999,13342.279999999999,,
gross_profit,Seasonal naive,validation,2025-11-05,22,13779.5,14150.49,,
gross_profit,Seasonal naive,validation,2025-11-05,23,13637.369999999999,14985.29,,
gross_profit,Seasonal naive,validation,2025-11-05,24,17003.559999999998,16679.440000000002,,
gross_profit,Seasonal naive,validation,2025-11-05,25,16710.04,17052.96,,
gross_profit,Seasonal naive,validation,2025-11-05,26,12987.019999999999,13588.149999999998,,
gross_profit,Seasonal naive,validation,2025-11-05,27,13428.119999999999,14500.63,,
gross_profit,Seasonal naive,validation,2025-11-05,28,13411.55,13342.279999999999,,
gross_profit,Weekday mean (8 weeks),validation,2025-09-10,1,13802.259999999998,15562.03125,,
gross_profit,Weekday mean (8 weeks),validation,2025-09-10,2,13097.320000000002,15479.085,,
gross_profit,Weekday mean (8 weeks),validation,2025-09-10,3,18803.0,18653.333749999998,,
gross_profit,Weekday mean (8 weeks),validation,2025-09-10,4,17327.73,18936.653749999998,,
gross_profit,Weekday mean (8 weeks),validation,2025-09-10,5,14196.21,15398.29,,
gross_profit,Weekday mean (8 weeks),validation,2025-09-10,6,14491.0,15215.3475,,
gross_profit,Weekday mean (8 weeks),validation,2025-09-10,7,15063.83,15320.78375,,
gross_profit,Weekday mean (8 weeks),validation,2025-09-10,8,15031.52,15562.03125,,
gross_profit,Weekday mean (8 weeks),validation,2025-09-10,9,14318.04,15479.085,,
gross_profit,Weekday mean (8 weeks),validation,2025-09-10,10,17468.72,18653.333749999998,,
gross_profit,Weekday mean (8 weeks),validation,2025-09-10,11,16787.6,18936.653749999998,,
gross_profit,Weekday mean (8 weeks),validation,2025-09-10,12,14263.35,15398.29,,
gross_profit,Weekday mean (8 weeks),validation,2025-09-10,13,14144.769999999999,15215.3475,,
gross_profit,Weekday mean (8 weeks),validation,2025-09-10,14,14115.169999999998,15320.78375,,
gross_profit,Weekday mean (8 weeks),validation,2025-09-10,15,13334.240000000002,15562.03125,,
gross_profit,Weekday mean (8 weeks),validation,2025-09-10,16,13208.4,15479.085,,
gross_profit,Weekday mean (8 weeks),validation,2025-09-10,17,18165.28,18653.333749999998,,
gross_profit,Weekday mean (8 weeks),validation,2025-09-10,18,16301.810000000001,18936.653749999998,,
gross_profit,Weekday mean (8 weeks),validation,2025-09-10,19,14734.36,15398.29,,
gross_profit,Weekday mean (8 weeks),validation,2025-09-10,20,13777.64,15215.3475,,
gross_profit,Weekday mean (8 weeks),validation,2025-09-10,21,13850.189999999999,15320.78375,,
gross_profit,Weekday mean (8 weeks),validation,2025-09-10,22,14763.75,15562.03125,,
gross_profit,Weekday mean (8 weeks),validation,2025-09-10,23,14205.17,15479.085,,
gross_profit,Weekday mean (8 weeks),validation,2025-09-10,24,16760.39,18653.333749999998,,
gross_profit,Weekday mean (8 weeks),validation,2025-09-10,25,16685.809999999998,18936.653749999998,,
gross_profit,Weekday mean (8 weeks),validation,2025-09-10,26,14053.599999999999,15398.29,,
gross_profit,Weekday mean (8 weeks),validation,2025-09-10,27,14256.3,15215.3475,,
gross_profit,Weekday mean (8 weeks),validation,2025-09-10,28,12402.809999999998,15320.78375,,
gross_profit,Weekday mean (8 weeks),validation,2025-10-08,1,13075.08,14696.46375,,
gross_profit,Weekday mean (8 weeks),validation,2025-10-08,2,13288.279999999999,14218.748749999999,,
gross_profit,Weekday mean (8 weeks),validation,2025-10-08,3,17255.72,18026.25875,,
gross_profit,Weekday mean (8 weeks),validation,2025-10-08,4,16993.29,17552.22125,,
gross_profit,Weekday mean (8 weeks),validation,2025-10-08,5,13842.46,14453.5475,,
gross_profit,Weekday mean (8 weeks),validation,2025-10-08,6,14077.49,14571.571249999999,,
gross_profit,Weekday mean (8 weeks),validation,2025-10-08,7,15009.14,14124.62125,,
gross_profit,Weekday mean (8 weeks),validation,2025-10-08,8,14477.89,14696.46375,,
gross_profit,Weekday mean (8 weeks),validation,2025-10-08,9,13572.41,14218.748749999999,,
gross_profit,Weekday mean (8 weeks),validation,2025-10-08,10,16444.67,18026.25875,,
gross_profit,Weekday mean (8 weeks),validation,2025-10-08,11,16254.93,17552.22125,,
gross_profit,Weekday mean (8 weeks),validation,2025-10-08,12,13772.96,14453.5475,,
gross_profit,Weekday mean (8 weeks),validation,2025-10-08,13,14725.21,14571.571249999999,,
gross_profit,Weekday mean (8 weeks),validation,2025-10-08,14,13977.07,14124.62125,,
gross_profit,Weekday mean (8 weeks),validation,2025-10-08,15,14383.0,14696.46375,,
gross_profit,Weekday mean (8 weeks),validation,2025-10-08,16,13582.55,14218.748749999999,,
gross_profit,Weekday mean (8 weeks),validation,2025-10-08,17,16076.93,18026.25875,,
gross_profit,Weekday mean (8 weeks),validation,2025-10-08,18,17775.29,17552.22125,,
gross_profit,Weekday mean (8 weeks),validation,2025-10-08,19,13441.49,14453.5475,,
gross_profit,Weekday mean (8 weeks),validation,2025-10-08,20,14244.27,14571.571249999999,,
gross_profit,Weekday mean (8 weeks),validation,2025-10-08,21,14555.94,14124.62125,,
gross_profit,Weekday mean (8 weeks),validation,2025-10-08,22,14150.49,14696.46375,,
gross_profit,Weekday mean (8 weeks),validation,2025-10-08,23,14985.29,14218.748749999999,,
gross_profit,Weekday mean (8 weeks),validation,2025-10-08,24,16679.440000000002,18026.25875,,
gross_profit,Weekday mean (8 weeks),validation,2025-10-08,25,17052.96,17552.22125,,
gross_profit,Weekday mean (8 weeks),validation,2025-10-08,26,13588.149999999998,14453.5475,,
gross_profit,Weekday mean (8 weeks),validation,2025-10-08,27,14500.63,14571.571249999999,,
gross_profit,Weekday mean (8 weeks),validation,2025-10-08,28,13342.279999999999,14124.62125,,
gross_profit,Weekday mean (8 weeks),validation,2025-11-05,1,13426.030000000002,14127.278750000001,,
gross_profit,Weekday mean (8 weeks),validation,2025-11-05,2,13124.86,13782.182499999999,,
gross_profit,Weekday mean (8 weeks),validation,2025-11-05,3,16678.91,17206.768750000003,,
gross_profit,Weekday mean (8 weeks),validation,2025-11-05,4,16726.59,16897.427499999998,,
gross_profit,Weekday mean (8 weeks),validation,2025-11-05,5,14529.08,13986.572499999998,,
gross_profit,Weekday mean (8 weeks),validation,2025-11-05,6,13760.3,14277.16375,,
gross_profit,Weekday mean (8 weeks),validation,2025-11-05,7,13903.08,14039.55375,,
gross_profit,Weekday mean (8 weeks),validation,2025-11-05,8,14506.029999999999,14127.278750000001,,
gross_profit,Weekday mean (8 weeks),validation,2025-11-05,9,13567.18,13782.182499999999,,
gross_profit,Weekday mean (8 weeks),validation,2025-11-05,10,16177.55,17206.768750000003,,
gross_profit,Weekday mean (8 weeks),validation,2025-11-05,11,17698.08,16897.427499999998,,
gross_profit,Weekday mean (8 weeks),validation,2025-11-05,12,14475.91,13986.572499999998,,
gross_profit,Weekday mean (8 weeks),validation,2025-11-05,13,14400.05,14277.16375,,
gross_profit,Weekday mean (8 weeks),validation,2025-11-05,14,14558.810000000001,14039.55375,,
gross_profit,Weekday mean (8 weeks),validation,2025-11-05,15,14084.470000000001,14127.278750000001,,
gross_profit,Weekday mean (8 weeks),validation,2025-11-05,16,13525.039999999999,13782.182499999999,,
gross_profit,Weekday mean (8 weeks),validation,2025-11-05,17,16640.129999999997,17206.768750000003,,
gross_profit,Weekday mean (8 weeks),validation,2025-11-05,18,16968.42,16897.427499999998,,
gross_profit,Weekday mean (8 weeks),validation,2025-11-05,19,14160.16,13986.572499999998,,
gross_profit,Weekday mean (8 weeks),validation,2025-11-05,20,13800.279999999999,14277.16375,,
gross_profit,Weekday mean (8 weeks),validation,2025-11-05,21,15107.939999999999,14039.55375,,
gross_profit,Weekday mean (8 weeks),validation,2025-11-05,22,13779.5,14127.278750000001,,
gross_profit,Weekday mean (8 weeks),validation,2025-11-05,23,13637.369999999999,13782.182499999999,,
gross_profit,Weekday mean (8 weeks),validation,2025-11-05,24,17003.559999999998,17206.768750000003,,
gross_profit,Weekday mean (8 weeks),validation,2025-11-05,25,16710.04,16897.427499999998,,
gross_profit,Weekday mean (8 weeks),validation,2025-11-05,26,12987.019999999999,13986.572499999998,,
gross_profit,Weekday mean (8 weeks),validation,2025-11-05,27,13428.119999999999,14277.16375,,
gross_profit,Weekday mean (8 weeks),validation,2025-11-05,28,13411.55,14039.55375,,
gross_profit,Seasonal naive,holdout,2025-12-03,1,13151.590000000002,13779.5,12170.975999999999,15388.024000000001
gross_profit,Seasonal naive,holdout,2025-12-03,2,14016.530000000002,13637.369999999999,11816.119999999999,15458.619999999999
gross_profit,Seasonal naive,holdout,2025-12-03,3,15941.539999999999,17003.559999999998,16532.903999999995,17474.216
gross_profit,Seasonal naive,holdout,2025-12-03,4,16435.2,16710.04,16387.448,17032.632
gross_profit,Seasonal naive,holdout,2025-12-03,5,14509.41,12987.019999999999,12192.047999999997,13781.992
gross_profit,Seasonal naive,holdout,2025-12-03,6,14712.39,13428.119999999999,12738.068,14118.171999999999
gross_profit,Seasonal naive,holdout,2025-12-03,7,13580.439999999999,13411.55,11012.185999999998,15810.914
gross_profit,Seasonal naive,holdout,2025-12-03,8,14465.73,13779.5,13437.896,14121.104
gross_profit,Seasonal naive,holdout,2025-12-03,9,14262.6,13637.369999999999,12376.329999999998,14898.41
gross_profit,Seasonal naive,holdout,2025-12-03,10,17047.15,17003.559999999998,16133.325999999997,17873.793999999998
gross_profit,Seasonal naive,holdout,2025-12-03,11,15815.09,16710.04,16074.703999999998,17345.376000000004
gross_profit,Seasonal naive,holdout,2025-12-03,12,14943.19,12987.019999999999,12220.683999999997,13753.356
gross_profit,Seasonal naive,holdout,2025-12-03,13,14549.49,13428.119999999999,13024.449999999999,13831.789999999999
gross_profit,Seasonal naive,holdout,2025-12-03,14,14129.68,13411.55,11908.835999999998,14914.264000000001
gross_profit,Seasonal naive,holdout,2025-12-03,15,14385.95,13779.5,12298.582,15260.418
gross_profit,Seasonal naive,holdout,2025-12-03,16,14063.57,13637.369999999999,12102.559999999998,15172.18
gross_profit,Seasonal naive,holdout,2025-12-03,17,17372.63,17003.559999999998,16403.64,17603.479999999996
gross_profit,Seasonal naive,holdout,2025-12-03,18,16419.76,16710.04,15622.057999999999,17798.022000000004
gross_profit,Seasonal naive,holdout,2025-12-03,19,14030.73,12987.019999999999,12381.114,13592.925999999998
gross_profit,Seasonal naive,holdout,2025-12-03,20,14500.98,13428.119999999999,12822.955999999998,14033.284
gross_profit,Seasonal naive,holdout,2025-12-03,21,14281.87,13411.55,11335.913999999997,15487.186000000002
gross_profit,Seasonal naive,holdout,2025-12-03,22,14513.23,13779.5,13214.694,14344.306
gross_profit,Seasonal naive,holdout,2025-12-03,23,14663.369999999999,13637.369999999999,12403.009999999997,14871.730000000001
gross_profit,Seasonal naive,holdout,2025-12-03,24,17153.55,17003.559999999998,15602.215999999997,18404.904
gross_profit,Seasonal naive,holdout,2025-12-03,25,17197.18,16710.04,16078.217999999999,17341.862
gross_profit,Seasonal naive,holdout,2025-12-03,26,13884.5,12987.019999999999,12413.026,13561.013999999997
gross_profit,Seasonal naive,holdout,2025-12-03,27,14118.99,13428.119999999999,12519.264,14336.975999999999
gross_profit,Seasonal naive,holdout,2025-12-03,28,14199.789999999999,13411.55,12352.039999999995,14471.060000000003
labour_hours,Seasonal naive,validation,2025-09-10,1,291.45,287.13,,
labour_hours,Seasonal naive,validation,2025-09-10,2,285.98,286.32,,
labour_hours,Seasonal naive,validation,2025-09-10,3,302.89,295.68,,
labour_hours,Seasonal naive,validation,2025-09-10,4,300.21,296.61,,
labour_hours,Seasonal naive,validation,2025-09-10,5,286.04,289.63,,
labour_hours,Seasonal naive,validation,2025-09-10,6,284.53000000000003,290.75,,
labour_hours,Seasonal naive,validation,2025-09-10,7,293.03,288.74,,
labour_hours,Seasonal naive,validation,2025-09-10,8,285.08,287.13,,
labour_hours,Seasonal naive,validation,2025-09-10,9,287.32,286.32,,
labour_hours,Seasonal naive,validation,2025-09-10,10,297.58,295.68,,
labour_hours,Seasonal naive,validation,2025-09-10,11,299.31,296.61,,
labour_hours,Seasonal naive,validation,2025-09-10,12,287.39,289.63,,
labour_hours,Seasonal naive,validation,2025-09-10,13,289.01,290.75,,
labour_hours,Seasonal naive,validation,2025-09-10,14,285.67,288.74,,
labour_hours,Seasonal naive,validation,2025-09-10,15,285.74,287.13,,
labour_hours,Seasonal naive,validation,2025-09-10,16,287.24,286.32,,
labour_hours,Seasonal naive,validation,2025-09-10,17,302.93,295.68,,
labour_hours,Seasonal naive,validation,2025-09-10,18,295.13,296.61,,
labour_hours,Seasonal naive,validation,2025-09-10,19,288.56,289.63,,
labour_hours,Seasonal naive,validation,2025-09-10,20,285.75,290.75,,
labour_hours,Seasonal naive,validation,2025-09-10,21,285.88,288.74,,
labour_hours,Seasonal naive,validation,2025-09-10,22,291.2,287.13,,
labour_hours,Seasonal naive,validation,2025-09-10,23,286.53999999999996,286.32,,
labour_hours,Seasonal naive,validation,2025-09-10,24,299.54,295.68,,
labour_hours,Seasonal naive,validation,2025-09-10,25,298.85,296.61,,
labour_hours,Seasonal naive,validation,2025-09-10,26,293.62,289.63,,
labour_hours,Seasonal naive,validation,2025-09-10,27,297.51,290.75,,
labour_hours,Seasonal naive,validation,2025-09-10,28,288.07,288.74,,
labour_hours,Seasonal naive,validation,2025-10-08,1,291.14,291.2,,
labour_hours,Seasonal naive,validation,2025-10-08,2,290.12,286.53999999999996,,
labour_hours,Seasonal naive,validation,2025-10-08,3,301.54,299.54,,
labour_hours,Seasonal naive,validation,2025-10-08,4,302.6,298.85,,
labour_hours,Seasonal naive,validation,2025-10-08,5,289.01,293.62,,
labour_hours,Seasonal naive,validation,2025-10-08,6,292.11,297.51,,
labour_hours,Seasonal naive,validation,2025-10-08,7,292.87,288.07,,
labour_hours,Seasonal naive,validation,2025-10-08,8,293.79,291.2,,
labour_hours,Seasonal naive,validation,2025-10-08,9,288.24,286.53999999999996,,
labour_hours,Seasonal naive,validation,2025-10-08,10,303.08,299.54,,
labour_hours,Seasonal naive,validation,2025-10-08,11,303.26,298.85,,
labour_hours,Seasonal naive,validation,2025-10-08,12,292.68,293.62,,
labour_hours,Seasonal naive,validation,2025-10-08,13,292.54,297.51,,
labour_hours,Seasonal naive,validation,2025-10-08,14,294.03,288.07,,
labour_hours,Seasonal naive,validation,2025-10-08,15,293.48,291.2,,
labour_hours,Seasonal naive,validation,2025-10-08,16,290.04,286.53999999999996,,
labour_hours,Seasonal naive,validation,2025-10-08,17,303.0,299.54,,
labour_hours,Seasonal naive,validation,2025-10-08,18,307.02,298.85,,
labour_hours,Seasonal naive,validation,2025-10-08,19,291.34,293.62,,
labour_hours,Seasonal naive,validation,2025-10-08,20,292.94,297.51,,
labour_hours,Seasonal naive,validation,2025-10-08,21,294.25,288.07,,
labour_hours,Seasonal naive,validation,2025-10-08,22,293.21,291.2,,
labour_hours,Seasonal naive,validation,2025-10-08,23,299.28000000000003,286.53999999999996,,
labour_hours,Seasonal naive,validation,2025-10-08,24,302.24,299.54,,
labour_hours,Seasonal naive,validation,2025-10-08,25,304.72,298.85,,
labour_hours,Seasonal naive,validation,2025-10-08,26,297.28,293.62,,
labour_hours,Seasonal naive,validation,2025-10-08,27,300.65,297.51,,
labour_hours,Seasonal naive,validation,2025-10-08,28,298.25,288.07,,
labour_hours,Seasonal naive,validation,2025-11-05,1,294.96000000000004,293.21,,
labour_hours,Seasonal naive,validation,2025-11-05,2,296.11,299.28000000000003,,
labour_hours,Seasonal naive,validation,2025-11-05,3,306.93,302.24,,
labour_hours,Seasonal naive,validation,2025-11-05,4,306.07,304.72,,
labour_hours,Seasonal naive,validation,2025-11-05,5,294.87,297.28,,
labour_hours,Seasonal naive,validation,2025-11-05,6,294.13,300.65,,
labour_hours,Seasonal naive,validation,2025-11-05,7,297.53000000000003,298.25,,
labour_hours,Seasonal naive,validation,2025-11-05,8,297.41,293.21,,
labour_hours,Seasonal naive,validation,2025-11-05,9,297.04,299.28000000000003,,
labour_hours,Seasonal naive,validation,2025-11-05,10,309.84,302.24,,
labour_hours,Seasonal naive,validation,2025-11-05,11,309.75,304.72,,
labour_hours,Seasonal naive,validation,2025-11-05,12,298.76,297.28,,
labour_hours,Seasonal naive,validation,2025-11-05,13,300.86,300.65,,
labour_hours,Seasonal naive,validation,2025-11-05,14,298.04,298.25,,
labour_hours,Seasonal naive,validation,2025-11-05,15,297.59,293.21,,
labour_hours,Seasonal naive,validation,2025-11-05,16,297.1,299.28000000000003,,
labour_hours,Seasonal naive,validation,2025-11-05,17,311.87,302.24,,
labour_hours,Seasonal naive,validation,2025-11-05,18,313.3,304.72,,
labour_hours,Seasonal naive,validation,2025-11-05,19,302.23,297.28,,
labour_hours,Seasonal naive,validation,2025-11-05,20,299.8,300.65,,
labour_hours,Seasonal naive,validation,2025-11-05,21,303.12,298.25,,
labour_hours,Seasonal naive,validation,2025-11-05,22,297.94,293.21,,
labour_hours,Seasonal naive,validation,2025-11-05,23,297.74,299.28000000000003,,
labour_hours,Seasonal naive,validation,2025-11-05,24,314.35,302.24,,
labour_hours,Seasonal naive,validation,2025-11-05,25,312.07,304.72,,
labour_hours,Seasonal naive,validation,2025-11-05,26,303.38,297.28,,
labour_hours,Seasonal naive,validation,2025-11-05,27,303.04,300.65,,
labour_hours,Seasonal naive,validation,2025-11-05,28,302.57,298.25,,
labour_hours,Weekday mean (8 weeks),validation,2025-09-10,1,291.45,286.20875,,
labour_hours,Weekday mean (8 weeks),validation,2025-09-10,2,285.98,287.53625,,
labour_hours,Weekday mean (8 weeks),validation,2025-09-10,3,302.89,296.54499999999996,,
labour_hours,Weekday mean (8 weeks),validation,2025-09-10,4,300.21,297.94625,,
labour_hours,Weekday mean (8 weeks),validation,2025-09-10,5,286.04,285.11125,,
labour_hours,Weekday mean (8 weeks),validation,2025-09-10,6,284.53000000000003,286.32624999999996,,
labour_hours,Weekday mean (8 weeks),validation,2025-09-10,7,293.03,287.29375000000005,,
labour_hours,Weekday mean (8 weeks),validation,2025-09-10,8,285.08,286.20875,,
labour_hours,Weekday mean (8 weeks),validation,2025-09-10,9,287.32,287.53625,,
labour_hours,Weekday mean (8 weeks),validation,2025-09-10,10,297.58,296.54499999999996,,
labour_hours,Weekday mean (8 weeks),validation,2025-09-10,11,299.31,297.94625,,
labour_hours,Weekday mean (8 weeks),validation,2025-09-10,12,287.39,285.11125,,
labour_hours,Weekday mean (8 weeks),validation,2025-09-10,13,289.01,286.32624999999996,,
labour_hours,Weekday mean (8 weeks),validation,2025-09-10,14,285.67,287.29375000000005,,
labour_hours,Weekday mean (8 weeks),validation,2025-09-10,15,285.74,286.20875,,
labour_hours,Weekday mean (8 weeks),validation,2025-09-10,16,287.24,287.53625,,
labour_hours,Weekday mean (8 weeks),validation,2025-09-10,17,302.93,296.54499999999996,,
labour_hours,Weekday mean (8 weeks),validation,2025-09-10,18,295.13,297.94625,,
labour_hours,Weekday mean (8 weeks),validation,2025-09-10,19,288.56,285.11125,,
labour_hours,Weekday mean (8 weeks),validation,2025-09-10,20,285.75,286.32624999999996,,
labour_hours,Weekday mean (8 weeks),validation,2025-09-10,21,285.88,287.29375000000005,,
labour_hours,Weekday mean (8 weeks),validation,2025-09-10,22,291.2,286.20875,,
labour_hours,Weekday mean (8 weeks),validation,2025-09-10,23,286.53999999999996,287.53625,,
labour_hours,Weekday mean (8 weeks),validation,2025-09-10,24,299.54,296.54499999999996,,
labour_hours,Weekday mean (8 weeks),validation,2025-09-10,25,298.85,297.94625,,
labour_hours,Weekday mean (8 weeks),validation,2025-09-10,26,293.62,285.11125,,
labour_hours,Weekday mean (8 weeks),validation,2025-09-10,27,297.51,286.32624999999996,,
labour_hours,Weekday mean (8 weeks),validation,2025-09-10,28,288.07,287.29375000000005,,
labour_hours,Weekday mean (8 weeks),validation,2025-10-08,1,291.14,286.95500000000004,,
labour_hours,Weekday mean (8 weeks),validation,2025-10-08,2,290.12,286.9225,,
labour_hours,Weekday mean (8 weeks),validation,2025-10-08,3,301.54,298.29375,,
labour_hours,Weekday mean (8 weeks),validation,2025-10-08,4,302.6,298.0,,
labour_hours,Weekday mean (8 weeks),validation,2025-10-08,5,289.01,286.495,,
labour_hours,Weekday mean (8 weeks),validation,2025-10-08,6,292.11,288.77875,,
labour_hours,Weekday mean (8 weeks),validation,2025-10-08,7,292.87,287.62750000000005,,
labour_hours,Weekday mean (8 weeks),validation,2025-10-08,8,293.79,286.95500000000004,,
labour_hours,Weekday mean (8 weeks),validation,2025-10-08,9,288.24,286.9225,,
labour_hours,Weekday mean (8 weeks),validation,2025-10-08,10,303.08,298.29375,,
labour_hours,Weekday mean (8 weeks),validation,2025-10-08,11,303.26,298.0,,
labour_hours,Weekday mean (8 weeks),validation,2025-10-08,12,292.68,286.495,,
labour_hours,Weekday mean (8 weeks),validation,2025-10-08,13,292.54,288.77875,,
labour_hours,Weekday mean (8 weeks),validation,2025-10-08,14,294.03,287.62750000000005,,
labour_hours,Weekday mean (8 weeks),validation,2025-10-08,15,293.48,286.95500000000004,,
labour_hours,Weekday mean (8 weeks),validation,2025-10-08,16,290.04,286.9225,,
labour_hours,Weekday mean (8 weeks),validation,2025-10-08,17,303.0,298.29375,,
labour_hours,Weekday mean (8 weeks),validation,2025-10-08,18,307.02,298.0,,
labour_hours,Weekday mean (8 weeks),validation,2025-10-08,19,291.34,286.495,,
labour_hours,Weekday mean (8 weeks),validation,2025-10-08,20,292.94,288.77875,,
labour_hours,Weekday mean (8 weeks),validation,2025-10-08,21,294.25,287.62750000000005,,
labour_hours,Weekday mean (8 weeks),validation,2025-10-08,22,293.21,286.95500000000004,,
labour_hours,Weekday mean (8 weeks),validation,2025-10-08,23,299.28000000000003,286.9225,,
labour_hours,Weekday mean (8 weeks),validation,2025-10-08,24,302.24,298.29375,,
labour_hours,Weekday mean (8 weeks),validation,2025-10-08,25,304.72,298.0,,
labour_hours,Weekday mean (8 weeks),validation,2025-10-08,26,297.28,286.495,,
labour_hours,Weekday mean (8 weeks),validation,2025-10-08,27,300.65,288.77875,,
labour_hours,Weekday mean (8 weeks),validation,2025-10-08,28,298.25,287.62750000000005,,
labour_hours,Weekday mean (8 weeks),validation,2025-11-05,1,294.96000000000004,290.63625,,
labour_hours,Weekday mean (8 weeks),validation,2025-11-05,2,296.11,289.345,,
labour_hours,Weekday mean (8 weeks),validation,2025-11-05,3,306.93,301.6,,
labour_hours,Weekday mean (8 weeks),validation,2025-11-05,4,306.07,301.3875,,
labour_hours,Weekday mean (8 weeks),validation,2025-11-05,5,294.87,290.74,,
labour_hours,Weekday mean (8 weeks),validation,2025-11-05,6,294.13,291.88,,
labour_hours,Weekday mean (8 weeks),validation,2025-11-05,7,297.53000000000003,291.50625,,
labour_hours,Weekday mean (8 weeks),validation,2025-11-05,8,297.41,290.63625,,
labour_hours,Weekday mean (8 weeks),validation,2025-11-05,9,297.04,289.345,,
labour_hours,Weekday mean (8 weeks),validation,2025-11-05,10,309.84,301.6,,
labour_hours,Weekday mean (8 weeks),validation,2025-11-05,11,309.75,301.3875,,
labour_hours,Weekday mean (8 weeks),validation,2025-11-05,12,298.76,290.74,,
labour_hours,Weekday mean (8 weeks),validation,2025-11-05,13,300.86,291.88,,
labour_hours,Weekday mean (8 weeks),validation,2025-11-05,14,298.04,291.50625,,
labour_hours,Weekday mean (8 weeks),validation,2025-11-05,15,297.59,290.63625,,
labour_hours,Weekday mean (8 weeks),validation,2025-11-05,16,297.1,289.345,,
labour_hours,Weekday mean (8 weeks),validation,2025-11-05,17,311.87,301.6,,
labour_hours,Weekday mean (8 weeks),validation,2025-11-05,18,313.3,301.3875,,
labour_hours,Weekday mean (8 weeks),validation,2025-11-05,19,302.23,290.74,,
labour_hours,Weekday mean (8 weeks),validation,2025-11-05,20,299.8,291.88,,
labour_hours,Weekday mean (8 weeks),validation,2025-11-05,21,303.12,291.50625,,
labour_hours,Weekday mean (8 weeks),validation,2025-11-05,22,297.94,290.63625,,
labour_hours,Weekday mean (8 weeks),validation,2025-11-05,23,297.74,289.345,,
labour_hours,Weekday mean (8 weeks),validation,2025-11-05,24,314.35,301.6,,
labour_hours,Weekday mean (8 weeks),validation,2025-11-05,25,312.07,301.3875,,
labour_hours,Weekday mean (8 weeks),validation,2025-11-05,26,303.38,290.74,,
labour_hours,Weekday mean (8 weeks),validation,2025-11-05,27,303.04,291.88,,
labour_hours,Weekday mean (8 weeks),validation,2025-11-05,28,302.57,291.50625,,
labour_hours,Seasonal naive,holdout,2025-12-03,1,307.47,297.94,294.134,301.746
labour_hours,Seasonal naive,holdout,2025-12-03,2,305.56,297.74,294.24199999999996,301.23800000000006
labour_hours,Seasonal naive,holdout,2025-12-03,3,310.93,314.35,307.64400000000006,321.056
labour_hours,Seasonal naive,holdout,2025-12-03,4,311.66,312.07,308.35,315.78999999999996
labour_hours,Seasonal naive,holdout,2025-12-03,5,302.32,303.38,298.974,307.786
labour_hours,Seasonal naive,holdout,2025-12-03,6,303.91,303.04,296.58000000000004,309.5
labour_hours,Seasonal naive,holdout,2025-12-03,7,301.64,302.57,297.872,307.268
labour_hours,Seasonal naive,holdout,2025-12-03,8,321.77,297.94,294.06199999999995,301.81800000000004
labour_hours,Seasonal naive,holdout,2025-12-03,9,320.62,297.74,295.608,299.872
labour_hours,Seasonal naive,holdout,2025-12-03,10,334.36,314.35,307.56200000000007,321.138
labour_hours,Seasonal naive,holdout,2025-12-03,11,331.06,312.07,307.16400000000004,316.97599999999994
labour_hours,Seasonal naive,holdout,2025-12-03,12,323.90999999999997,303.38,301.292,305.468
labour_hours,Seasonal naive,holdout,2025-12-03,13,322.67,303.04,298.71600000000007,307.364
labour_hours,Seasonal naive,holdout,2025-12-03,14,319.97,302.57,297.188,307.952
labour_hours,Seasonal naive,holdout,2025-12-03,15,323.65,297.94,293.98,301.9
labour_hours,Seasonal naive,holdout,2025-12-03,16,321.02,297.74,294.50399999999996,300.97600000000006
labour_hours,Seasonal naive,holdout,2025-12-03,17,334.46,314.35,305.196,323.504
labour_hours,Seasonal naive,holdout,2025-12-03,18,335.3,312.07,303.572,320.568
labour_hours,Seasonal naive,holdout,2025-12-03,19,324.6,303.38,298.96399999999994,307.79600000000005
labour_hours,Seasonal naive,holdout,2025-12-03,20,327.43,303.04,298.12600000000003,307.954
labour_hours,Seasonal naive,holdout,2025-12-03,21,322.29,302.57,296.652,308.488
labour_hours,Seasonal naive,holdout,2025-12-03,22,325.28,297.94,293.342,302.538
labour_hours,Seasonal naive,holdout,2025-12-03,23,327.81,297.74,287.23999999999995,308.24000000000007
labour_hours,Seasonal naive,holdout,2025-12-03,24,338.93,314.35,303.89,324.81000000000006
labour_hours,Seasonal naive,holdout,2025-12-03,25,339.36,312.07,305.016,319.12399999999997
labour_hours,Seasonal naive,holdout,2025-12-03,26,330.46999999999997,303.38,297.702,309.058
labour_hours,Seasonal naive,holdout,2025-12-03,27,331.99,303.04,297.004,309.076
labour_hours,Seasonal naive,holdout,2025-12-03,28,329.71,302.57,293.562,311.578
