metric,date_id,forecast,lower,upper,model
revenue,2026-01-01,22494.0,20624.11,24363.89,Seasonal naive
revenue,2026-01-02,22809.5,20826.504,24792.496,Seasonal naive
revenue,2026-01-03,26387.5,25570.9,27204.1,Seasonal naive
revenue,2026-01-04,26334.5,25776.1,26892.9,Seasonal naive
revenue,2026-01-05,22179.77,21069.904000000002,23289.636,Seasonal naive
revenue,2026-01-06,22410.16,20869.670000000002,23950.649999999998,Seasonal naive
revenue,2026-01-07,22587.55,19521.381999999998,25653.718,Seasonal naive
revenue,2026-01-08,22494.0,21807.7,23180.3,Seasonal naive
revenue,2026-01-09,22809.5,21030.7,24588.3,Seasonal naive
revenue,2026-01-10,26387.5,25315.1,27459.9,Seasonal naive
revenue,2026-01-11,26334.5,25447.3,27221.7,Seasonal naive
revenue,2026-01-12,22179.77,21105.604,23253.936,Seasonal naive
revenue,2026-01-13,22410.16,21670.526,23149.793999999998,Seasonal naive
revenue,2026-01-14,22587.55,20733.395999999997,24441.704,Seasonal naive
revenue,2026-01-15,22494.0,20564.692,24423.308,Seasonal naive
revenue,2026-01-16,22809.5,20692.928,24926.072,Seasonal naive
revenue,2026-01-17,26387.5,25813.496,26961.504,Seasonal naive
revenue,2026-01-18,26334.5,24596.0,28073.0,Seasonal naive
revenue,2026-01-19,22179.77,20796.408,23563.132,Seasonal naive
revenue,2026-01-20,22410.16,20843.916,23976.404,Seasonal naive
revenue,2026-01-21,22587.55,19881.423999999995,25293.676000000003,Seasonal naive
revenue,2026-01-22,22494.0,21737.4,23250.6,Seasonal naive
revenue,2026-01-23,22809.5,21074.8,24544.2,Seasonal naive
revenue,2026-01-24,26387.5,24376.9,28398.1,Seasonal naive
revenue,2026-01-25,26334.5,25601.4,27067.6,Seasonal naive
revenue,2026-01-26,22179.77,21419.59,22939.95,Seasonal naive
revenue,2026-01-27,22410.16,20951.255999999998,23869.064000000002,Seasonal naive
revenue,2026-01-28,22587.55,20844.021999999997,24331.078,Seasonal naive
transactions,2026-01-01,1276.0,1248.0,1304.0,Seasonal naive
transactions,2026-01-02,1324.0,1267.4,1380.6,Seasonal naive
transactions,2026-01-03,1509.0,1432.8,1585.2,Seasonal naive
transactions,2026-01-04,1525.0,1477.6,1572.4,Seasonal naive
transactions,2026-01-05,1348.0,1244.2,1451.8,Seasonal naive
transactions,2026-01-06,1365.0,1248.4,1481.6,Seasonal naive
transactions,2026-01-07,1385.0,1316.0,1454.0,Seasonal naive
transactions,2026-01-08,1276.0,1248.4,1303.6,Seasonal naive
transactions,2026-01-09,1324.0,1280.4,1367.6,Seasonal naive
transactions,2026-01-10,1509.0,1450.6,1567.4,Seasonal naive
transactions,2026-01-11,1525.0,1466.8,1583.2,Seasonal naive
transactions,2026-01-12,1348.0,1264.8,1431.2,Seasonal naive
transactions,2026-01-13,1365.0,1273.2,1456.8,Seasonal naive
transactions,2026-01-14,1385.0,1298.6,1471.4,Seasonal naive
transactions,2026-01-15,1276.0,1194.2,1357.8,Seasonal naive
transactions,2026-01-16,1324.0,1238.6,1409.4,Seasonal naive
transactions,2026-01-17,1509.0,1395.0,1623.0,Seasonal naive
transactions,2026-01-18,1525.0,1422.0,1628.0,Seasonal naive
transactions,2026-01-19,1348.0,1250.4,1445.6,Seasonal naive
transactions,2026-01-20,1365.0,1246.8,1483.2,Seasonal naive
transactions,2026-01-21,1385.0,1320.4,1449.6,Seasonal naive
transactions,2026-01-22,1276.0,1239.2,1312.8,Seasonal naive
transactions,2026-01-23,1324.0,1215.4,1432.6,Seasonal naive
transactions,2026-01-24,1509.0,1378.4,1639.6,Seasonal naive
transactions,2026-01-25,1525.0,1475.2,1574.8,Seasonal naive
transactions,2026-01-26,1348.0,1304.8,1391.2,Seasonal naive
transactions,2026-01-27,1365.0,1320.8,1409.2,Seasonal naive
transactions,2026-01-28,1385.0,1278.6,1491.4,Seasonal naive
gross_profit,2026-01-01,14513.23,12904.705999999998,16121.754,Seasonal naive
gross_profit,2026-01-02,14663.369999999999,12842.119999999999,16484.62,Seasonal naive
gross_profit,2026-01-03,17153.55,16682.893999999997,17624.206000000002,Seasonal naive
gross_profit,2026-01-04,17197.18,16874.588,17519.772,Seasonal naive
gross_profit,2026-01-05,13884.5,13089.527999999998,14679.472000000002,Seasonal naive
gross_profit,2026-01-06,14118.99,13428.938,14809.042,Seasonal naive
gross_profit,2026-01-07,14199.789999999999,11800.425999999998,16599.154,Seasonal naive
gross_profit,2026-01-08,14513.23,14171.626,14854.833999999999,Seasonal naive
gross_profit,2026-01-09,14663.369999999999,13402.329999999998,15924.41,Seasonal naive
gross_profit,2026-01-10,17153.55,16283.315999999999,18023.784,Seasonal naive
gross_profit,2026-01-11,17197.18,16561.843999999997,17832.516000000003,Seasonal naive
gross_profit,2026-01-12,13884.5,13118.163999999999,14650.836000000001,Seasonal naive
gross_profit,2026-01-13,14118.99,13715.32,14522.66,Seasonal naive
gross_profit,2026-01-14,14199.789999999999,12697.075999999997,15702.504,Seasonal naive
gross_profit,2026-01-15,14513.23,13032.312,15994.148,Seasonal naive
gross_profit,2026-01-16,14663.369999999999,13128.559999999998,16198.18,Seasonal naive
gross_profit,2026-01-17,17153.55,16553.63,17753.469999999998,Seasonal naive
gross_profit,2026-01-18,17197.18,16109.197999999999,18285.162000000004,Seasonal naive
gross_profit,2026-01-19,13884.5,13278.594000000001,14490.405999999999,Seasonal naive
gross_profit,2026-01-20,14118.99,13513.826,14724.154,Seasonal naive
gross_profit,2026-01-21,14199.789999999999,12124.153999999997,16275.426000000001,Seasonal naive
gross_profit,2026-01-22,14513.23,13948.423999999999,15078.036,Seasonal naive
gross_profit,2026-01-23,14663.369999999999,13429.009999999997,15897.730000000001,Seasonal naive
gross_profit,2026-01-24,17153.55,15752.205999999998,18554.894,Seasonal naive
gross_profit,2026-01-25,17197.18,16565.358,17829.002,Seasonal naive
gross_profit,2026-01-26,13884.5,13310.506000000001,14458.493999999999,Seasonal naive
gross_profit,2026-01-27,14118.99,13210.134,15027.846,Seasonal naive
gross_profit,2026-01-28,14199.789999999999,13140.279999999995,15259.300000000003,Seasonal naive
labour_hours,2026-01-01,325.28,321.474,329.08599999999996,Seasonal naive
labour_hours,2026-01-02,327.81,324.31199999999995,331.30800000000005,Seasonal naive
labour_hours,2026-01-03,338.93,332.22400000000005,345.63599999999997,Seasonal naive
labour_hours,2026-01-04,339.36,335.64000000000004,343.08,Seasonal naive
labour_hours,2026-01-05,330.46999999999997,326.06399999999996,334.876,Seasonal naive
labour_hours,2026-01-06,331.99,325.53000000000003,338.45,Seasonal naive
labour_hours,2026-01-07,329.71,325.012,334.40799999999996,Seasonal naive
labour_hours,2026-01-08,325.28,321.40199999999993,329.158,Seasonal naive
labour_hours,2026-01-09,327.81,325.678,329.942,Seasonal naive
labour_hours,2026-01-10,338.93,332.14200000000005,345.71799999999996,Seasonal naive
labour_hours,2026-01-11,339.36,334.45400000000006,344.26599999999996,Seasonal naive
labour_hours,2026-01-12,330.46999999999997,328.38199999999995,332.558,Seasonal naive
labour_hours,2026-01-13,331.99,327.66600000000005,336.31399999999996,Seasonal naive
labour_hours,2026-01-14,329.71,324.328,335.092,Seasonal naive
labour_hours,2026-01-15,325.28,321.32,329.23999999999995,Seasonal naive
labour_hours,2026-01-16,327.81,324.57399999999996,331.04600000000005,Seasonal naive
labour_hours,2026-01-17,338.93,329.776,348.084,Seasonal naive
labour_hours,2026-01-18,339.36,330.862,347.858,Seasonal naive
labour_hours,2026-01-19,330.46999999999997,326.0539999999999,334.886,Seasonal naive
labour_hours,2026-01-20,331.99,327.076,336.904,Seasonal naive
labour_hours,2026-01-21,329.71,323.792,335.628,Seasonal naive
labour_hours,2026-01-22,325.28,320.68199999999996,329.878,Seasonal naive
labour_hours,2026-01-23,327.81,317.30999999999995,338.31000000000006,Seasonal naive
labour_hours,2026-01-24,338.93,328.46999999999997,349.39000000000004,Seasonal naive
labour_hours,2026-01-25,339.36,332.30600000000004,346.414,Seasonal naive
labour_hours,2026-01-26,330.46999999999997,324.792,336.14799999999997,Seasonal naive
labour_hours,2026-01-27,331.99,325.954,338.026,Seasonal naive
labour_hours,2026-01-28,329.71,320.702,338.71799999999996,Seasonal naive
